id,dominio,tarea,claseUX,clasePrimaria,hoy,superficieCRI9,origenDeLaUbicacion,motivo,expanded,medium,compact,rutaPuntero,rutaTactil,precision,criticidad,decisionCRI8
ENT-01,Entrada,Elegir por dónde empezar al abrir la app,1 Global persistente (pantalla propia),1,"Pantalla completa propia, fuera del shell del workspace.",welcome,decisión CRI-9,Pantalla de entrada; fuera del shell de la mesa.,"fullscreen (pantalla propia, fuera del shell)",fullscreen,fullscreen,Tab entre tarjetas; Enter activa.,Tap directo sobre tarjeta.,No.,esencial,¿Welcome debe seguir siendo una pantalla o pasar a ser un estado del shell? Hoy es una pantalla con su propio breakpoint (767).
ENT-02,Entrada,Continuar el proyecto en el que estaba,1 Global persistente,1,Botón principal de la Welcome.,welcome,decisión CRI-9,Pantalla de entrada.,"fullscreen (pantalla propia, fuera del shell)",fullscreen,fullscreen,Enter sobre el botón principal.,Tap.,No.,esencial,"Coexisten dos almacenes (localStorage para el proyecto vivo, IndexedDB para el hub). CRI-9 debe decidir cuál es la fuente de ""continuar""."
ENT-03,Entrada,Crear un proyecto en blanco,1 Global persistente + 2 Contextual a proyecto,1,Welcome + menú desplegable del nombre de proyecto (TopBar).,welcome,decisión CRI-9,Pantalla de entrada + menú de documento en TopBar.,"fullscreen (pantalla propia, fuera del shell)",fullscreen,fullscreen,Click en la flecha; el menú tiene navegación por flechas/Home/End (`onMenuKeyDown`).,Tap en la flecha de 33×40 — por debajo del mínimo táctil de 44 declarado por el proyecto.,No.,esencial,¿Crear proyecto debe pedir confirmación cuando hay trabajo sin exportar? Hoy sólo lo protege el undo.
ENT-04,Entrada,Abrir un ejemplo / plantilla,1 Global persistente + 9 Fullscreen (Welcome),1,Tarjetas de la Welcome + menú de proyecto del TopBar.,welcome,decisión CRI-9,Pantalla de entrada.,"fullscreen (pantalla propia, fuera del shell)",fullscreen,fullscreen,Tab + Enter.,Tap.,No.,esencial,"""Abrir un ejemplo y convertirlo en proyecto propio"" no tiene hoy paso de apropiación: se abre como proyecto sin renombrar."
ENT-05,Entrada,Filtrar plantillas por tipo,9 Fullscreen (auxiliar de la lista),9,Chips en la Welcome.,welcome,decisión CRI-9,Auxiliar de la lista de plantillas.,"fullscreen (pantalla propia, fuera del shell)",fullscreen,fullscreen,Tab + Enter.,Tap.,No.,secundaria,"Con 6 ejemplos, el filtro puede no justificarse; es decisión de CRI-9, no de este mapa."
ENT-06,Entrada,Ver y abrir proyectos guardados (Project Hub),1 Global persistente + 9 Fullscreen / datos densos,1,"Sólo en la Welcome, tras `Phase2ProjectHub`.",recovery,decisión CRI-9,"D-08: abrir otro proyecto gana ruta desde la mesa, además de la Welcome. Cierra el hueco 2 de CRI-8 §9.2.",drawer invocado desde el chip de persistencia,drawer invocado,sheet invocada,Tab por filas y acciones.,Tap.,No.,esencial,HUECO DE ACCESO: desde la mesa no hay ruta al Hub. Cambiar de proyecto obliga a volver a Inicio.
ENT-07,Entrada,Renombrar un proyecto guardado,8 Configuración / 9 Fullscreen,8,Sólo en el Hub.,welcome,decisión CRI-9,Gestión de biblioteca; no compite con el lienzo.,"fullscreen (pantalla propia, fuera del shell)",fullscreen,fullscreen,Enter confirma (no verificado si Escape cancela).,Teclado en pantalla.,No.,secundaria,—
ENT-08,Entrada,Duplicar un proyecto guardado,8 Configuración / 9 Fullscreen,8,Sólo en el Hub.,welcome,decisión CRI-9,Gestión de biblioteca.,"fullscreen (pantalla propia, fuera del shell)",fullscreen,fullscreen,Tab + Enter.,Tap.,No.,secundaria,Duplicar es la única forma de versionar; ¿debe existir también desde la mesa?
ENT-09,Entrada,Restaurar una recuperación tras conflicto,2 Contextual a proyecto + 6 Workflow temporal,2,"Sólo en el Project Hub, dentro de la Welcome.",recovery,decisión CRI-9,D-08: la restauración deja de vivir sólo en el hub.,drawer invocado desde el chip de persistencia,drawer invocado,sheet invocada,Tab + Enter.,Tap.,No.,esencial,HUECO DE ACCESO CRÍTICO: el conflicto se anuncia en la mesa y se resuelve en otra pantalla. CRI-9 debe cerrar ese salto.
ENT-10,Entrada,Importar JSON / bundle / PDF (Import Center),6 Workflow temporal,6,Menú de proyecto del TopBar y Welcome.,transient,decisión CRI-9,Import Center es workflow temporal; se invoca desde el menú de documento.,overlay sobre el lienzo,overlay,overlay,Tab; foco dirigido por etapa (`data-import-stage-focus`).,Selector de archivo nativo.,No.,esencial,"Es el modelo de ""workflow temporal"" que el resto del producto no tiene. ¿Se generaliza el patrón?"
ENT-11,Entrada,Importar geometría desde DXF,6 Workflow temporal,6,SÓLO en la Welcome.,transient,decisión CRI-9,D-07/D-08: importar DXF deja de exigir volver a Inicio. Cierra el hueco 3 de CRI-8 §9.2.,overlay sobre el lienzo,overlay,overlay,Tab.,Selector de archivo nativo.,No.,contextual,HUECO DE ACCESO: importar DXF sobre un modelo ya abierto exige volver a Inicio.
ENT-12,Entrada,Crear un ejercicio de Aula,6 Workflow temporal,6,Botón «Nuevo ejercicio» de la Welcome.,welcome,decisión CRI-9,Aula no se rediseña aquí; su puerta sigue en la Welcome.,"fullscreen (pantalla propia, fuera del shell)",fullscreen,fullscreen,Roving por flechas sobre plantillas; Escape cierra.,Tap + teclado en pantalla.,No.,contextual,Fuera de alcance: CRI-8 no diseña Aula vNext. Sólo se registra que la superficie existe.
ENT-13,Entrada,Renombrar el proyecto abierto,2 Contextual a proyecto,2,"TopBar, zona documento.",topbar,decisión CRI-9,Identidad del documento: una de las tres naturalezas que la TopBar conserva.,band,band,"band (identidad comprimida, acciones a iconos de 44px)","Enter confirma, Escape revierte.",Tap + teclado en pantalla.,No.,esencial,"¿La identidad del documento merece anchura permanente en Compact, o basta con verla y editarla bajo disclosure?"
ENT-14,Entrada,Volver a Inicio desde la mesa,1 Global persistente,1,Marca del TopBar.,topbar,decisión CRI-9,Identidad del documento.,band,band,"band (identidad comprimida, acciones a iconos de 44px)",Tab + Enter.,Tap.,No.,esencial,¿Sale sin avisar aunque haya trabajo sin guardar? Hoy sí; el autosave lo justifica pero no se comunica.
ENT-15,Entrada,Abrir Space 3D,9 Fullscreen (dominio separado),9,Botón de icono del TopBar + tarjeta de la Welcome + menú «Más» en Compact.,space3d,decisión CRI-9,D-15: dominio separado.,fullscreen,fullscreen,fullscreen,Tab + Enter.,Tap.,No.,secundaria,"¿Un dominio experimental merece presencia permanente en el TopBar de Expanded? Es la pregunta, no la respuesta."
SHL-01,Shell,Ejecutar el análisis,1 Global persistente,1,"TopBar, extremo derecho, siempre visible.",topbar,decisión CRI-9,Analizar es la acción global por excelencia.,band,band,"band (identidad comprimida, acciones a iconos de 44px)",Tab + Enter. NO tiene atajo de teclado propio.,Tap.,No.,esencial,Es la única acción que justifica sin discusión presencia permanente. ¿Merece atajo de teclado?
SHL-02,Shell,Saber en qué estado está el análisis,2 Contextual a proyecto/análisis,2,TopBar (chip) + cabecera del panel de Results (texto de estado).,topbar,decisión CRI-9,D-03: el estado del análisis sube a chip permanente.,band,band,"band (identidad comprimida, acciones a iconos de 44px)",Tab hasta el chip; enlaza a Model Doctor.,Tap.,No.,esencial,Es candidato claro a «global persistente» aunque el resto de Results no lo sea. CRI-9 debe poder separarlos.
SHL-03,Shell,Deshacer,1 Global persistente,1,"TopBar (icono), menú «Más» (primer bloque), Command Palette.",topbar,decisión CRI-9,D-09: deshacer nunca vive en un desbordamiento. + G-01 (atajo).,band,band,"band (identidad comprimida, acciones a iconos de 44px)",HUECO: la paleta anuncia `Ctrl Z` como atajo pero NINGÚN manejador lo enlaza. Verificado por búsqueda en todo `src/`: no existe handler de tecla Z fuera de un campo de coordenada de Space3D.,Tap en TopBar o en «Más».,No.,esencial,"DECISIÓN: implementar el atajo que la interfaz ya promete, o retirar la promesa. Hoy la paleta miente."
SHL-04,Shell,Rehacer,1 Global persistente,1,Idéntico a SHL-03.,topbar,decisión CRI-9,D-09 + G-01.,band,band,"band (identidad comprimida, acciones a iconos de 44px)",HUECO idéntico: la paleta anuncia `Ctrl Y` sin manejador.,Tap.,No.,esencial,Mismo que SHL-03.
SHL-05,Shell,Abrir la paleta de comandos,7 Power-user / Command Palette,7,ToolRail + atajo + hoja «Más» móvil.,palette,decisión CRI-9,Aceleración; su lanzador se conserva en el rail.,overlay modal centrado,overlay modal centrado,sheet a pantalla casi completa (el teclado virtual manda),Ctrl/⌘K abre; flechas/Home/End navegan; Enter ejecuta; Escape cierra con retorno de foco.,"Tap en la hoja «Más» → paleta. Funciona, pero teclear es el punto de la paleta.",No.,contextual,"OPORTUNIDAD: la paleta ya conoce la selección pero no la usa para ordenar ni filtrar. Es el sitio natural del patrón ""acciones válidas para lo seleccionado""."
SHL-06,Shell,Navegar a un nudo o barra por identificador,7 Power-user,7,Sólo en la paleta.,palette,decisión CRI-9,Navegación por identificador: ruta de precisión no espacial.,overlay modal centrado,overlay modal centrado,sheet a pantalla casi completa (el teclado virtual manda),Escribir el ID + Enter.,Posible pero incómodo.,Resuelve el problema de precisión SIN tocar el lienzo: es la ruta no espacial a un objeto pequeño.,contextual,Con miles de entidades la lista es lineal: ¿escala? No se midió.
SHL-07,Shell,Elegir caso de carga o combinación a analizar,2 Contextual a proyecto/análisis,2,TopBar zona contexto (oculta en Compact) + «Más» + Inspector › Cargas.,analysis-setup,decisión CRI-9,"D-09: la combinación viaja junto a los resultados que gobierna, no fija en la TopBar.",inset invocado desde el botón Analizar,inset invocado,sheet invocada,Select nativo.,Select nativo.,No.,esencial,"Es el control que MÁS se parece a ""contextual a análisis"" y hoy vive fijo en el chrome global. Candidato número uno a reubicarse junto a los resultados."
SHL-08,Shell,Cambiar el modo de cálculo (Aula / Completo),8 Configuración / preferencias,8,"CUATRO sitios: TopBar zona contexto, «Más», Inspector › Vista, y el propio guía.",preferences,decisión CRI-9,D-09: preferencia de sesión; pierde tres de sus cuatro puertas.,drawer invocado,drawer invocado,sheet invocada,Select / segmented.,Igual.,No.,configuración,"DECISIÓN: es una preferencia de sesión, no una acción de trabajo. Cuatro puertas permanentes para ella es el ejemplo más claro de acumulación del producto."
SHL-09,Shell,Elegir el orden de análisis (1.º orden / P-Delta),2 Contextual a proyecto/análisis,2,TopBar zona contexto + «Más».,analysis-setup,decisión CRI-9,D-09: cambia la física del resultado; baja frecuencia no puede significar escondido.,inset invocado desde el botón Analizar,inset invocado,sheet invocada,Select.,Select.,No.,esencial,"Baja frecuencia, alta criticidad: es el caso donde ""poco usado"" no puede significar ""escondido""."
SHL-10,Shell,Ajustar los parámetros avanzados de P-Delta,8 Configuración + 2 Contextual a análisis,8,"SÓLO dentro del popover «Más», bajo un `<details>` colapsado, dentro de una sección.",analysis-setup,decisión CRI-9,D-09: sale de la triple disclosure del cajón.,inset invocado desde el botón Analizar,inset invocado,sheet invocada,"Tab hasta «Más», abrir, expandir `details`, tabular 6 campos.","Igual, con 6 campos numéricos dentro de un popover.",Campos numéricos finos dentro de un popover: caso claro de precisión insuficiente.,contextual,FUNCIÓN DEMASIADO ESCONDIDA nº 1. La configuración de convergencia de un análisis no lineal no debería vivir bajo un `details` dentro de un popover.
SHL-11,Shell,Cambiar el sistema de unidades,8 Configuración / preferencias,8,TopBar zona contexto + «Más» › Preferencias.,preferences,decisión CRI-9,D-09.,drawer invocado,drawer invocado,sheet invocada,Select.,Select de 58×30 — bajo el mínimo táctil.,No.,esencial,"Es preferencia, pero de consecuencia visible inmediata en cada cifra. ¿Preferencia o contexto de lectura?"
SHL-12,Shell,Cambiar el idioma,8 Configuración / preferencias,8,Welcome (cabecera y drawer) + «Más» › Preferencias. NO está en el TopBar de Expanded fuera del cajón.,preferences,decisión CRI-9,D-09.,drawer invocado,drawer invocado,sheet invocada,Select.,Select.,No.,configuración,Ubicación correcta hoy; el problema es que comparte cajón con Deshacer.
SHL-13,Shell,Cambiar el tema (claro / oscuro),8 Configuración / preferencias,8,"CUATRO sitios: Welcome, «Más», Command Palette, y Space3D con su propia lógica.",preferences,decisión CRI-9,D-09 + D-15: una sola resolución de tema en todo el producto.,drawer invocado,drawer invocado,sheet invocada,Comando de paleta o botón.,Tap.,No.,configuración,"Space3D duplica la resolución de tema — infracción de ""no duplicar lógica por presentación""."
SHL-14,Shell,Abrir Model Doctor,2 Contextual a proyecto/análisis,2,"Botón propio en TopBar (oculto por CSS bajo 1024px), «Más» (3.ª entrada), paleta, AnalysisStatus, Results fallido.",doctor,decisión CRI-9,D-09: lanzador propio con recuento en las TRES clases; hoy desaparece bajo 1024px (F-06).,drawer lateral,drawer lateral con `peek` al localizar,sheet/fullscreen con `peek` al localizar,Tab + Enter; también desde la paleta.,Dos toques en Compact.,No.,esencial,¿El acceso debe ser permanente o debe aparecer cuando HAY hallazgos? El toast ya sabe cuándo los hay.
SHL-15,Shell,Abrir la hoja de datos (Datasheet),9 Fullscreen / datos densos,9,Icono en TopBar + paleta. En Compact el icono NO se oculta (a diferencia de Model Doctor).,dense,decisión CRI-9,D-11.,drawer inferior · dock fijable sólo si CB-1 y CB-4 lo permiten (≈≥1700px),drawer con estado `peek` al localizar,fullscreen con estado `peek` al localizar,"Tab + Enter, o paleta.",Tap.,No.,esencial,¿El Datasheet es un destino modal o una vista coordinada? Hoy es modal y cerrarse es parte de enfocar un objeto (DAT-10).
SHL-16,Shell,Ocultar / mostrar el Inspector,8 Configuración de layout (hoy) / debería estudiarse como 4 Canvas-local,8,SÓLO dentro del menú «Más» › Vistas.,layout-intent,decisión CRI-9,D-04: deja de ser una entrada de menú y pasa a ser `dockIntent` del dock de detalle.,"Intención de layout, no superficie: lo consume el resolutor (D-04).","Intención de layout, no superficie: lo consume el resolutor (D-04).","Intención de layout, no superficie: lo consume el resolutor (D-04).","Tres pasos: abrir «Más», bajar a Vistas, activar.",Igual.,No.,contextual,FUNCIÓN DEMASIADO ESCONDIDA nº 2. El control que más canvas-budget devuelve está a tres pasos dentro de un cajón de 19 entradas.
SHL-17,Shell,Entrar/salir de «mesa completa»,8 Configuración de layout,8,SÓLO «Más» › Vistas.,layout-intent,decisión CRI-9,"D-04: `focusCanvas`, único conmutador de enfoque.","Intención de layout, no superficie: lo consume el resolutor (D-04).","Intención de layout, no superficie: lo consume el resolutor (D-04).","Intención de layout, no superficie: lo consume el resolutor (D-04).",Tres pasos.,Igual.,No.,contextual,Se solapa con SHL-16 sin que la diferencia sea evidente: ocultar Inspector vs mesa completa.
SHL-18,Shell,Contraer el ToolRail a iconos,8 Configuración de layout,8,SÓLO «Más» › Vistas.,layout-intent,decisión CRI-9,D-04: `dockIntent` del rail; en Medium ya es el defecto calculado.,"Intención de layout, no superficie: lo consume el resolutor (D-04).","Intención de layout, no superficie: lo consume el resolutor (D-04).","Intención de layout, no superficie: lo consume el resolutor (D-04).",Tres pasos.,Igual.,No.,contextual,El usuario tiene que corregir a mano un reparto que la app debería proponer bien. CRI-9 debe fijar el valor por defecto por clase de ventana.
SHL-19,Shell,Redimensionar el Inspector,4 Canvas-local (negocia el reparto con el lienzo),4,Borde izquierdo del Inspector.,layout-intent,decisión CRI-9,"D-04: el ancho es una intención acotada por el resolutor, no un inline incondicional.","Intención de layout, no superficie: lo consume el resolutor (D-04).","Intención de layout, no superficie: lo consume el resolutor (D-04).","Intención de layout, no superficie: lo consume el resolutor (D-04).",Arrastre o flechas/Home/End con foco en el separador.,Arrastre; el tirador es fino.,Sí: el tirador es una banda estrecha.,contextual,El default de 320px es el que produce el canvas-budget invertido. La palanca existe; el punto de partida está mal.
SHL-20,Shell,Elegir el detent de la hoja Inspector en táctil,6 Workflow temporal / hoja,6,Grupo de tres botones en la cabecera de la hoja.,layout-intent,decisión CRI-9,D-04: el detent preferido es una intención; su normalización por viewport se conserva.,"Intención de layout, no superficie: lo consume el resolutor (D-04).","Intención de layout, no superficie: lo consume el resolutor (D-04).","Intención de layout, no superficie: lo consume el resolutor (D-04).",Tab + Enter.,Tap. NO hay arrastre del tirador para cambiar detent.,No.,contextual,Los detents son la respuesta táctil al mismo problema que el ancho resuelve en puntero. Medium no tiene NINGUNA de las dos.
SHL-21,Shell,Conocer el estado de persistencia y conectividad,1 Global persistente,1,Chip en TopBar (colapsa a icono en Compact) y bloque con descripción dentro de «Más».,topbar,decisión CRI-9,D-08: además es la puerta a la superficie de recuperación.,band,band,"band (identidad comprimida, acciones a iconos de 44px)","Es informativo, no accionable.",Igual.,No.,esencial,"HUECO: el estado `conflict` informa pero no ofrece acción. La restauración vive en el Project Hub, en otra pantalla (ENT-09)."
SHL-22,Shell,Exportar el proyecto y compartirlo,2 Contextual a proyecto + 8 Configuración/utilidad,2,Menú de exportación (icono propio) en TopBar + sección Exportar de «Más» (las 7 repetidas) + 4 comandos en la paleta.,output,decisión CRI-9,D-09: las 21 afordancias colapsan a una entrada + paleta.,drawer invocado desde una única entrada,drawer invocado,sheet invocada,Menú con navegación por flechas.,Tap.,No.,esencial,"Siete salidas × tres puertas = 21 afordancias para una familia de baja frecuencia. Es el caso más claro de ""duplicación innecesaria""."
SHL-23,Shell,Recibir avisos transitorios (toasts),1 Global persistente (canal),1,"Sobre el lienzo, dentro del `workspace` slot.",status,decisión CRI-9,Canal de estado.,overlay,overlay,"overlay (por encima del dock, respetando safe-area)",No es accionable.,Igual.,No.,contextual,¿Qué merece toast y qué merece estado persistente? Hoy el toast de Model Doctor compite con el chip de AnalysisStatus.
SHL-24,Shell,Actualizar la app instalada (PWA),1 Global persistente,1,Aviso propio.,status,decisión CRI-9,Aviso de actualización de la PWA.,overlay,overlay,"overlay (por encima del dock, respetando safe-area)",Tab + Enter.,Tap.,No.,secundaria,—
MOD-01,Modelado,Elegir herramienta activa,1 Global persistente (crear) + 4 Canvas-local,1,ToolRail (164px permanentes en Expanded) + dock flotante de 5 botones en Compact.,toolrail,decisión CRI-9,Crear no puede ser contextual a la selección: es el límite duro del principio Shapr3D.,dock 164px con etiquetas,"dock 76px sólo iconos (el tier que hoy es código muerto, F-01)",floating — dock horizontal de 5 destinos sobre el lienzo (se conserva tal cual),Tecla única por herramienta (`toolFromShortcut`). Es la ruta más rápida del producto.,"Tap en el dock; las herramientas secundarias viven en dos hojas modales (`loads`, `more`).",No para elegir; sí para usar (ver SEL/CNV).,esencial,Las herramientas de CREACIÓN no pueden depender de la selección (no hay nada seleccionado al crear). Las de EDICIÓN sí. El rail hoy no distingue.
MOD-02,Modelado,Crear un nudo,4 Canvas-local,4,"Lienzo, con la herramienta activa.",canvas,regla (clase 4),Canvas-local: vive en el lienzo o en su superficie de vista.,"layer (protagonista, reflow con el dock de detalle)","layer (protagonista, sin reflow; safe-rect se reduce bajo el inset)",layer (protagonista; safe-rect se reduce bajo la hoja),N + clic. Snap a rejilla/nudos/puntos medios/intersecciones/perpendicular según `snapTargets`.,Tap con lupa activa durante la colocación (`syncTouchLoupe`).,Sí. Resuelta con: snap configurable + lupa táctil + entrada numérica.,esencial,—
MOD-03,Modelado,Crear una barra,4 Canvas-local + 6 Workflow temporal (los dos tiempos),4,Lienzo.,canvas,regla (clase 4),Canvas-local: vive en el lienzo o en su superficie de vista.,"layer (protagonista, reflow con el dock de detalle)","layer (protagonista, sin reflow; safe-rect se reduce bajo el inset)",layer (protagonista; safe-rect se reduce bajo la hoja),M + dos clics; Escape cancela a medio camino.,Dos taps con lupa.,Sí: el segundo punto debe caer en un nudo concreto.,esencial,"El patrón ""operación en dos tiempos con estado intermedio"" existe aquí, en cut y en la edición estructural. ¿Es un patrón del sistema?"
MOD-04,Modelado,Aplicar o cambiar un apoyo,3 Contextual a selección + 5 Inspector/detail,3,"Lienzo (rápido, tipo por defecto) + Inspector (completo) + Datasheet (columna) + Bulk Edit (masivo).",detail,regla (clase 3),Contextual a selección: presencia gobernada por la selección.,dock 320px con reflow · presencia contextual a la selección,inset 300px sin reflow · presencia contextual a la selección,"sheet con detents · lado inferior en retrato, lateral en apaisado (CB-6)",S + clic para el rápido; Tab en el Inspector para el detalle.,Tap con herramienta; hoja Inspector para el detalle.,Sí: el apoyo se aplica a un nudo concreto entre varios cercanos.,esencial,La herramienta `support` del rail está SIEMPRE visible aunque no haya nudo; la edición fina está SIEMPRE visible aunque no haya selección. Ambas mitades son candidatas a contexto.
MOD-05,Modelado,Colocar una carga puntual,4 Canvas-local + 3 Contextual a selección,4,Lienzo + hoja «Cargas» del dock táctil + pestaña Cargas del Inspector (que sólo ELIGE la herramienta y cierra).,canvas,regla (clase 4),Canvas-local: vive en el lienzo o en su superficie de vista.,"layer (protagonista, reflow con el dock de detalle)","layer (protagonista, sin reflow; safe-rect se reduce bajo el inset)",layer (protagonista; safe-rect se reduce bajo la hoja),P + clic.,Tap → hoja → tap herramienta → tap destino (tres toques).,Sí: distinguir nudo de barra de carga existente en el mismo punto.,esencial,En Compact colocar una carga cuesta 3 toques frente a 2 en Expanded. ¿Es aceptable o es el precio de no tener rail?
MOD-06,Modelado,Colocar una carga distribuida,4 Canvas-local + 3 Contextual a selección,4,Lienzo + hoja «Cargas» + Inspector › Cargas.,canvas,regla (clase 4),Canvas-local: vive en el lienzo o en su superficie de vista.,"layer (protagonista, reflow con el dock de detalle)","layer (protagonista, sin reflow; safe-rect se reduce bajo el inset)",layer (protagonista; safe-rect se reduce bajo la hoja),D + arrastre/clic sobre la barra.,Tres toques.,Sí: el tramo se define sobre la barra.,esencial,—
MOD-07,Modelado,Colocar un momento,4 Canvas-local + 3 Contextual a selección,4,Lienzo + hoja «Cargas» + Inspector › Cargas.,canvas,regla (clase 4),Canvas-local: vive en el lienzo o en su superficie de vista.,"layer (protagonista, reflow con el dock de detalle)","layer (protagonista, sin reflow; safe-rect se reduce bajo el inset)",layer (protagonista; safe-rect se reduce bajo la hoja),O + clic.,Tres toques.,Sí.,esencial,—
MOD-08,Modelado,Dividir una barra (Split),3 Contextual a selección + 4 Canvas-local,3,Rail grupo «Editar» + hoja «Más» táctil + paleta.,detail,regla (clase 3),Contextual a selección: presencia gobernada por la selección.,dock 320px con reflow · presencia contextual a la selección,inset 300px sin reflow · presencia contextual a la selección,"sheet con detents · lado inferior en retrato, lateral en apaisado (CB-6)",B + clic en el punto.,Dos niveles + tap.,Sí: el punto de división importa.,esencial,"El ocultamiento por modo Aula ya es un precedente de ""capacidad presente, exposición contextual"". CRI-9 puede generalizarlo."
MOD-09,Modelado,Borrar objetos,3 Contextual a selección,3,Rail (destructiva) + tecla + hoja «Más».,contextual-actions,decisión CRI-9,D-07: borrar deja de costar 3 pasos en táctil.,inset — barra anclada al borde del lienzo mientras hay selección,inset,inset — banda sobre el dock de herramientas mientras hay selección,Delete/Backspace sobre la selección. Es la ruta natural.,"SIN TECLADO: hay que entrar en la hoja «Más», elegir la herramienta destructiva y tocar el objeto. Tres pasos para borrar.","Sí, y con consecuencia irreversible-en-un-paso.",esencial,Borrar en táctil cuesta 3 pasos y no tiene deshacer accesible sin teclado (SHL-03 no tiene atajo y en Compact vive en «Más»). Es un hueco real.
MOD-10,Modelado,"Transformar la selección (mover, rotar, espejo, matriz, alinear, distribuir)",3 Contextual a selección + 6 Workflow temporal,3,"Lanzador `open-structural-edit` que SÓLO aparece en el grupo «Editar» del rail cuando hay selección válida, y en la hoja «Más» táctil bajo la misma condición.",contextual-actions,decisión CRI-9,D-07: ya es el precedente interno (`canEditSelection`).,inset — barra anclada al borde del lienzo mientras hay selección,inset,inset — banda sobre el dock de herramientas mientras hay selección,Arrastre para el gesto; campos numéricos para exactitud; Escape cancela el borrador.,Arrastre + campos. La lupa acompaña el arrastre.,"Sí, y está resuelta por la doble vía gesto+número.",esencial,"ESTE ES EL PATRÓN A GENERALIZAR: aparece por selección, ocupa espacio sólo mientras dura, previsualiza y se cancela con Escape."
MOD-11,Modelado,Entrada numérica rápida durante la colocación,6 Workflow temporal,6,"Sobre el lienzo, durante la colocación.",transient,regla (clase 6),Workflow temporal: superficie efímera con ciclo de vida registrado.,overlay sobre el lienzo,overlay,overlay,Teclear + Enter.,Teclado en pantalla; compite con la lupa por el espacio.,ES la respuesta a la precisión: entrada exacta sin puntería.,esencial,"Es la ruta de precisión que NO depende del método de entrada. Merece ser primera clase, no un accesorio de la colocación."
MOD-12,Modelado,Repetir la última operación (Repeat),3 Contextual a selección,3,Tecla `R` + overlay contextual sobre el lienzo.,contextual-actions,decisión CRI-9,D-07: Repeat deja de existir sólo bajo la tecla R (U-03).,inset — barra anclada al borde del lienzo mientras hay selección,inset,inset — banda sobre el dock de herramientas mientras hay selección,`R` sobre la selección.,UNKNOWN: no se verificó una ruta táctil independiente del teclado.,No.,contextual,"Función potente sin ruta de menú ni entrada en la paleta. Si el teclado falla, no existe."
MOD-13,Modelado,"Copiar, pegar y duplicar",3 Contextual a selección + 7 Power-user,3,"SÓLO por teclado. No hay botón, entrada de menú ni comando de paleta para copiar/pegar/duplicar.",contextual-actions,decisión CRI-9,D-07: copiar/pegar/duplicar gana su primera afordancia visible y su primera ruta táctil.,inset — barra anclada al borde del lienzo mientras hay selección,inset,inset — banda sobre el dock de herramientas mientras hay selección,Ctrl+C / Ctrl+V / Ctrl+D.,NO EXISTE. Hueco funcional real en Compact táctil.,No.,esencial,"HUECO DE ACCESO CONFIRMADO: copiar/pegar/duplicar no tienen ninguna ruta táctil. La restricción ""no crear versión funcional separada para móvil"" está incumplida aquí."
MOD-14,Modelado,Generar una estructura completa,1 Global persistente (crear) + 6 Workflow temporal,1,Botón propio en el grupo «Crear» del rail + hoja «Más» › Crear + comando de paleta.,toolrail,decisión CRI-9,Generar crea geometría: no depende de la selección. El código ya lo razona.,dock 164px con etiquetas,"dock 76px sólo iconos (el tier que hoy es código muerto, F-01)",floating — dock horizontal de 5 destinos sobre el lienzo (se conserva tal cual),Formulario extenso + elección del origen con el puntero (`pickGeneratorOrigin` en fase de captura).,Formulario + tap para el origen.,Sí para el origen; el resto es numérico.,esencial,"El generador es ""crear"" y no depende de selección; la edición estructural es ""transformar"" y sí depende. El rail los mezcla en el mismo espacio permanente."
MOD-15,Modelado,Medir con la herramienta de dimensión,4 Canvas-local,4,Rail grupo «Inspeccionar» + hoja «Más» + paleta.,canvas,regla (clase 4),Canvas-local: vive en el lienzo o en su superficie de vista.,"layer (protagonista, reflow con el dock de detalle)","layer (protagonista, sin reflow; safe-rect se reduce bajo el inset)",layer (protagonista; safe-rect se reduce bajo la hoja),C + clics.,Dos niveles + taps.,Sí.,secundaria,—
MOD-16,Modelado,Hacer un corte para leer valores internos,3 Contextual a selección + 2 Contextual a análisis,3,Rail grupo «Inspeccionar» + hoja «Más» + paleta.,canvas,decisión CRI-9,El corte vive sobre el lienzo; su precondición (análisis correcto) debe comunicarse por D-14.,"layer (protagonista, reflow con el dock de detalle)","layer (protagonista, sin reflow; safe-rect se reduce bajo el inset)",layer (protagonista; safe-rect se reduce bajo la hoja),X + hover/clic sobre la barra.,Sin hover: hay que tocar. El corte fijado (`pinned`) es la respuesta táctil correcta.,Sí: la posición del corte es el dato.,contextual,"Herramienta que sólo funciona tras analizar, pero que está disponible siempre y no explica su precondición. Es el caso tipo de ""disabled sin explicación""."
SEL-01,Selección,Seleccionar un objeto,3 Contextual a selección (es la fuente del contexto),3,"Lienzo (clic/tap), Datasheet (fila), paleta (por ID), Model Doctor (localizar), tarjetas de Results (objeto crítico).",detail,regla (clase 3),Contextual a selección: presencia gobernada por la selección.,dock 320px con reflow · presencia contextual a la selección,inset 300px sin reflow · presencia contextual a la selección,"sheet con detents · lado inferior en retrato, lateral en apaisado (CB-6)",V + clic; Shift para acumular; Alt cicla candidatos solapados.,Tap; pulsación larga arma acciones adicionales (`long-press`).,SÍ — es el problema de precisión central del producto.,esencial,"La selección única es la restricción que hace posible todo lo contextual. CRI-9 debe construir sobre ella, no romperla."
SEL-02,Selección,Resolver objetos solapados con puntero,4 Canvas-local + 6 Workflow temporal,4,"Lienzo, automático.",canvas,regla (clase 4),Canvas-local: vive en el lienzo o en su superficie de vista.,"layer (protagonista, reflow con el dock de detalle)","layer (protagonista, sin reflow; safe-rect se reduce bajo el inset)",layer (protagonista; safe-rect se reduce bajo la hoja),Clic repetido o Alt+clic; el picker es navegable.,NO DISPONIBLE — hueco explícito y verificado en `StructuralCanvas.tsx:1241-1244`.,ES la respuesta a la precisión con puntero.,esencial,HUECO DE PARIDAD: el mejor mecanismo de precisión del producto está apagado justo en el método de entrada que más lo necesita.
SEL-03,Selección,Seleccionar con marco (box select),4 Canvas-local,4,Lienzo.,canvas,regla (clase 4),Canvas-local: vive en el lienzo o en su superficie de vista.,"layer (protagonista, reflow con el dock de detalle)","layer (protagonista, sin reflow; safe-rect se reduce bajo el inset)",layer (protagonista; safe-rect se reduce bajo la hoja),Arrastre; Shift para acumular. La pista está en el rail (`selection-tip`).,NO DISPONIBLE. La ruta táctil a multiselección es el Datasheet o taps acumulativos.,"No, pero sí para la multiselección.",esencial,"HUECO DE PARIDAD nº 2: seleccionar varios objetos en el lienzo táctil no tiene equivalente. La ruta de reserva (Datasheet) existe, pero es otra tarea mental."
SEL-04,Selección,Multiselección acumulativa,3 Contextual a selección,3,"Lienzo (Shift+clic, marco) + Datasheet (filas, rango).",detail,regla (clase 3),Contextual a selección: presencia gobernada por la selección.,dock 320px con reflow · presencia contextual a la selección,inset 300px sin reflow · presencia contextual a la selección,"sheet con detents · lado inferior en retrato, lateral en apaisado (CB-6)",Shift+clic; rango con Shift en el Datasheet.,Vía Datasheet.,Sí.,esencial,"Multiselección de CARGAS no existe como estado. Si CRI-9 quiere «acciones válidas para la selección», debe saber que ese caso no se puede expresar hoy."
SEL-05,Selección,Deseleccionar,3 Contextual a selección,3,Escape + clic en el fondo.,detail,regla (clase 3),Contextual a selección: presencia gobernada por la selección.,dock 320px con reflow · presencia contextual a la selección,inset 300px sin reflow · presencia contextual a la selección,"sheet con detents · lado inferior en retrato, lateral en apaisado (CB-6)",Escape.,Tap en vacío.,No.,esencial,Escape es el contrato de cancelación del producto. Cualquier superficie nueva debe respetarlo.
SEL-06,Selección,Filtrar qué tipos son seleccionables,4 Canvas-local (hoy clasificado como 8 Configuración),4,"Inspector › Vista › sección «Precisión CAD», tras `selectionDragHelp`.",view,decisión CRI-9,"D-10: el filtro de selección es visibilidad del lienzo, no una preferencia.",inset invocado desde el disparador flotante del lienzo,inset invocado,sheet invocada,Chips con `aria-pressed`.,Tap.,"ES una herramienta de precisión, y vive donde nadie la busca durante la selección.",contextual,"FUNCIÓN DEMASIADO ESCONDIDA nº 3: una herramienta de precisión de selección enterrada en una pestaña de preferencias del Inspector, y sin realimentación en el lienzo."
SEL-07,Selección,Precisión táctil: ver bajo el dedo,4 Canvas-local,4,Automática sobre el lienzo.,canvas,regla (clase 4),Canvas-local: vive en el lienzo o en su superficie de vista.,"layer (protagonista, reflow con el dock de detalle)","layer (protagonista, sin reflow; safe-rect se reduce bajo el inset)",layer (protagonista; safe-rect se reduce bajo la hoja),No aplica.,Automática. NO se activa durante un tap simple de selección: sólo tras armarse una interacción.,"ES la respuesta táctil a la precisión, y está bien construida.",esencial,LA LUPA YA EXISTE Y NO CUBRE LA SELECCIÓN SIMPLE. Es donde Onshape sí llega (touch-and-hold → Precision Selector → soltar para seleccionar). CRI-9 debe decidir si se amplía o si el long-press ya lo cubre.
CNV-01,Lienzo,"Encuadrar, acercar y alejar",4 Canvas-local,4,"Chrome flotante sobre el lienzo, esquina.",canvas,regla (clase 4),Canvas-local: vive en el lienzo o en su superficie de vista.,"layer (protagonista, reflow con el dock de detalle)","layer (protagonista, sin reflow; safe-rect se reduce bajo el inset)",layer (protagonista; safe-rect se reduce bajo la hoja),Rueda para zoom; espacio+arrastre o botón central para pan; botón «ajustar».,Pinza para zoom; un dedo para pan (por eso no hay marco de selección).,El zoom ES una herramienta de precisión: acercarse resuelve solapamientos.,esencial,El chrome flotante debería escalar con el lienzo o retirarse cuando el lienzo es pequeño. Hoy hace lo contrario.
CNV-02,Lienzo,Orientarse con el minimapa,4 Canvas-local,4,"Esquina del lienzo, siempre.",canvas,regla (clase 4),Canvas-local: vive en el lienzo o en su superficie de vista.,"layer (protagonista, reflow con el dock de detalle)","layer (protagonista, sin reflow; safe-rect se reduce bajo el inset)",layer (protagonista; safe-rect se reduce bajo la hoja),No verificado si es navegable por teclado.,No verificado si acepta tap para desplazar la cámara.,No.,secundaria,¿Un minimapa permanente se justifica cuando el modelo cabe entero? Hoy ocupa lo mismo en ambos casos.
CNV-03,Lienzo,Controlar qué capas se ven,4 Canvas-local,4,Disparador flotante sobre el lienzo (`canvas-layer-trigger`) + 5 comandos de preset en la paleta.,view,decisión CRI-9,D-10: dueño único de la visibilidad.,inset invocado desde el disparador flotante del lienzo,inset invocado,sheet invocada,Tap/clic; presets por paleta.,Tap.,Ocultar capas ES una herramienta de precisión (reduce candidatos).,contextual,"DUPLICACIÓN INNECESARIA CONFIRMADA: dos sistemas de visibilidad (capas del lienzo y ajustes del Inspector › Vista) gobiernan lo mismo desde sitios distintos, sin relación visible entre ellos."
CNV-04,Lienzo,Activar rejilla y ajuste (snap),4 Canvas-local,4,"Inspector › Vista (los cinco destinos) + comandos `view:grid` y `view:snap` en la paleta + chips de estado sobre el lienzo (SÓLO informativos, no accionables).",view,decisión CRI-9,D-10 + P-11: los chips informativos pasan a accionables.,inset invocado desde el disparador flotante del lienzo,inset invocado,sheet invocada,Casillas o comandos de paleta.,Casillas en la hoja.,ES la herramienta de precisión principal con puntero.,esencial,"Los chips ocupan lienzo para informar de algo que no dejan cambiar. Si van a estar ahí, ¿por qué no son el control?"
CNV-05,Lienzo,Leer la posición y la escala actuales,4 Canvas-local,4,Chrome de estado del lienzo.,canvas,regla (clase 4),Canvas-local: vive en el lienzo o en su superficie de vista.,"layer (protagonista, reflow con el dock de detalle)","layer (protagonista, sin reflow; safe-rect se reduce bajo el inset)",layer (protagonista; safe-rect se reduce bajo la hoja),Se actualiza con el movimiento.,Sustituido por la cota de la lupa.,Sí.,esencial,Es el precedente interno de «responder al método de entrada». CRI-9 puede citarlo como patrón existente.
CNV-06,Lienzo,Saber en qué modo está el lienzo,4 Canvas-local + 6 Workflow temporal,4,Esquina superior del lienzo.,canvas,regla (clase 4),Canvas-local: vive en el lienzo o en su superficie de vista.,"layer (protagonista, reflow con el dock de detalle)","layer (protagonista, sin reflow; safe-rect se reduce bajo el inset)",layer (protagonista; safe-rect se reduce bajo la hoja),Informativo; el botón X cancela.,Igual.,No.,esencial,El badge es el único sitio donde el producto explica el gesto correcto. ¿Es suficiente o hace falta más?
CNV-07,Lienzo,Navegar el modelo con el teclado,4 Canvas-local + 7 Power-user,4,El propio lienzo.,canvas,regla (clase 4),Canvas-local: vive en el lienzo o en su superficie de vista.,"layer (protagonista, reflow con el dock de detalle)","layer (protagonista, sin reflow; safe-rect se reduce bajo el inset)",layer (protagonista; safe-rect se reduce bajo la hoja),Tab/Shift+Tab; teclas de herramienta; Delete; Escape.,No aplica.,ES una ruta de precisión: tabular no falla nunca el objetivo.,esencial,"Con miles de objetos, tabular uno a uno no escala. ¿Hay un nivel intermedio (grupos, saltos)? Hoy no."
CNV-08,Lienzo,Arrastrar un nudo,4 Canvas-local + 3 Contextual a selección,4,Lienzo.,canvas,regla (clase 4),Canvas-local: vive en el lienzo o en su superficie de vista.,"layer (protagonista, reflow con el dock de detalle)","layer (protagonista, sin reflow; safe-rect se reduce bajo el inset)",layer (protagonista; safe-rect se reduce bajo la hoja),Arrastre; snap activo.,Arrastre con lupa.,Sí; resuelta por snap + lupa + alternativa numérica.,esencial,El patrón de transacción es correcto y debería ser el contrato para cualquier gesto continuo nuevo.
CNV-09,Lienzo,Exportar el lienzo como imagen,2 Contextual a proyecto,2,Menú de exportación + «Más» + paleta.,output,decisión CRI-9,D-09.,drawer invocado desde una única entrada,drawer invocado,sheet invocada,Menú.,Tap.,No.,secundaria,—
CNV-10,Lienzo,Ver el modelo en modo impresión,9 Fullscreen / datos densos,9,Entrada «Imprimir» en el menú de exportación y en «Más».,output,decisión CRI-9,D-09.,drawer invocado desde una única entrada,drawer invocado,sheet invocada,Menú o Ctrl+P del navegador.,Menú.,No.,secundaria,La composición de impresión es la prueba de que «retirar todo el chrome» no rompe nada. CRI-9 debería mirarla como referencia interna.
INS-01,Inspector,Ver y editar las propiedades del objeto seleccionado,5 Inspector/detail + 3 Contextual a selección,5,"Panel lateral de 320px SIEMPRE presente en Expanded, aunque no haya selección. Hoja inferior en Compact.",detail,regla (clase 5),"Inspector/detail: ficha del objeto, una sola implementación.",dock 320px con reflow · presencia contextual a la selección,inset 300px sin reflow · presencia contextual a la selección,"sheet con detents · lado inferior en retrato, lateral en apaisado (CB-6)",Tab por campos; commit en blur/Enter.,Hoja con detents; teclado en pantalla gestionado vía `visualViewport`.,"ES la ruta de precisión numérica: el lienzo aproxima, el Inspector es exacto.",esencial,DECISIÓN CENTRAL: el Inspector es contextual a la selección en su CONTENIDO pero global permanente en su PRESENCIA. Sin selección ocupa 320px para mostrar un estado vacío.
INS-02,Inspector,Aplicar un material de catálogo,3 Contextual a selección + 5 Inspector/detail,3,"Inspector, sección de miembro.",detail,regla (clase 3),Contextual a selección: presencia gobernada por la selección.,dock 320px con reflow · presencia contextual a la selección,inset 300px sin reflow · presencia contextual a la selección,"sheet con detents · lado inferior en retrato, lateral en apaisado (CB-6)",Selector.,Selector.,No.,esencial,"Ejemplo canónico del enunciado de CRI-8: puerta individual = Inspector, masiva = Bulk Edit/Datasheet, en lote = generador. Las tres escriben el MISMO comando."
INS-03,Inspector,Aplicar una sección de catálogo,3 Contextual a selección + 5 Inspector/detail,3,Inspector.,detail,regla (clase 3),Contextual a selección: presencia gobernada por la selección.,dock 320px con reflow · presencia contextual a la selección,inset 300px sin reflow · presencia contextual a la selección,"sheet con detents · lado inferior en retrato, lateral en apaisado (CB-6)",Selector.,Selector.,No.,esencial,La previsualización de sección necesita espacio propio. En una hoja Compact compite con el resto de propiedades.
INS-04,Inspector,Editar varios objetos a la vez (Bulk Edit),3 Contextual a selección + 5 Inspector/detail,3,"Dentro del Inspector, sustituyendo la ficha individual.",detail,regla (clase 3),Contextual a selección: presencia gobernada por la selección.,dock 320px con reflow · presencia contextual a la selección,inset 300px sin reflow · presencia contextual a la selección,"sheet con detents · lado inferior en retrato, lateral en apaisado (CB-6)",Tab por campos; aplicar explícito.,"Hoja; la revisión pide altura, que es justo lo que falta en Compact.",No.,esencial,Bulk Edit y el Datasheet resuelven «masivo» de dos formas distintas (por propiedad vs por celda). Ambas legítimas; CRI-9 debe decir cuándo lleva a cuál.
INS-05,Inspector,Gestionar casos de carga y combinaciones,2 Contextual a proyecto/análisis + 5 Inspector/detail,2,Inspector › pestaña Cargas. Es la ÚNICA puerta a crear casos y combinaciones.,analysis-setup,decisión CRI-9,D-02: casos y combinaciones no dependen de la selección; salen del panel de la selección.,inset invocado desde el botón Analizar,inset invocado,sheet invocada,Tab; navegación de pestañas por flechas/Home/End (`onTabKeyDown`).,Hoja.,Campos de factor numéricos finos.,esencial,"INCOHERENCIA DE UBICACIÓN: definir hipótesis no es una propiedad de la selección, pero vive dentro del panel de selección. Es contextual a PROYECTO, no a OBJETO."
INS-06,Inspector,Ajustar la visualización del modelo y de los resultados,4 Canvas-local + 8 Configuración,4,Pestaña «Vista» del Inspector — 4 secciones y ~20 controles.,view,decisión CRI-9,D-02 + D-10: los ~20 ajustes de visualización son estado de vista del lienzo.,inset invocado desde el disparador flotante del lienzo,inset invocado,sheet invocada,Tab por ~20 controles.,Hoja con scroll largo.,"Contiene los controles de precisión (snap, filtros) — ver SEL-06.",contextual,"SEGUNDA INCOHERENCIA: los ajustes del LIENZO viven en el panel de la SELECCIÓN, mientras el control de capas vive sobre el lienzo. Dos sistemas, dos sitios, un solo dibujo."
INS-07,Inspector,Elegir la herramienta de carga desde el Inspector,3 Contextual a selección (débil) + 1 Global persistente (duplicado),3,"Inspector › Cargas, sección «Añadir carga».",toolrail,decisión CRI-9,D-09: cinco lanzadores para tres herramientas; sobrevive el del rail y el dock táctil.,dock 164px con etiquetas,"dock 76px sólo iconos (el tier que hoy es código muerto, F-01)",floating — dock horizontal de 5 destinos sobre el lienzo (se conserva tal cual),Tab + Enter.,Tap.,No.,contextual,DUPLICACIÓN INNECESARIA: cinco lanzadores para las mismas tres herramientas. En Compact tiene sentido (la hoja está abierta); en Expanded el rail ya está a la vista.
RES-01,Resultados,Leer el resumen del análisis,2 Contextual a análisis,2,"Panel Results, familia «Estado».",dense,decisión CRI-9,D-03: el resumen es dato denso invocado.,drawer inferior · dock fijable sólo si CB-1 y CB-4 lo permiten (≈≥1700px),drawer con estado `peek` al localizar,fullscreen con estado `peek` al localizar,Flechas/Home/End entre pestañas; comando de paleta.,Tap en pestaña.,No.,esencial,DECISIÓN CENTRAL: el panel reserva altura antes de que exista un resultado. El contenido es 100% contextual al análisis; la presencia no.
RES-02,Resultados,Leer reacciones y localizar la máxima,2 Contextual a análisis + 9 Datos densos,2,"Panel Results, familia «Estado».",dense,decisión CRI-9,D-03: tabla de reacciones.,drawer inferior · dock fijable sólo si CB-1 y CB-4 lo permiten (≈≥1700px),drawer con estado `peek` al localizar,fullscreen con estado `peek` al localizar,Tab por celdas-botón.,Tap.,Celdas de tabla pequeñas.,esencial,La tabla de reacciones y el Datasheet muestran datos del mismo modelo con dos motores de tabla distintos.
RES-03,Resultados,"Leer los diagramas N, V y M",2 Contextual a análisis + 3 Contextual a selección + 4 Canvas-local (el overlay),2,Panel Results + overlay sobre el lienzo (capa `results`).,view,decisión CRI-9,D-03: elegir N/V/M es elegir capa; el detalle del miembro va a `detail`.,inset invocado desde el disparador flotante del lienzo,inset invocado,sheet invocada,Flechas entre pestañas; cursor sobre la gráfica.,Tap; el modo enfocado da altura real al diagrama.,Leer un valor en una posición exacta: resuelto por cursor y por corte.,esencial,"RESULTS NO ES UNA UNIDAD: el diagrama tiene una parte de panel (la gráfica), una de lienzo (el overlay), una de selección (qué miembro) y una de datos densos (la tabla). CRI-9 puede separarlas."
RES-04,Resultados,Ver la deformada,2 Contextual a análisis + 4 Canvas-local,2,Panel Results + overlay en el lienzo.,view,decisión CRI-9,D-03: la deformada es una capa.,inset invocado desde el disparador flotante del lienzo,inset invocado,sheet invocada,Pestaña.,Tap.,No.,esencial,El control de escala vive en el Inspector y el resultado en Results: dos paneles para una lectura.
RES-05,Resultados,Consultar el índice elástico estimado,2 Contextual a análisis + 3 Contextual a selección,2,Tarjeta dentro de Results; capa `heatmap` del lienzo (apagada por defecto).,view,decisión CRI-9,D-03: el mapa de demanda es una capa; su valor por objeto va a `detail`.,inset invocado desde el disparador flotante del lienzo,inset invocado,sheet invocada,Lectura; el heatmap se activa desde capas.,Igual.,No.,esencial,Es la mejor prueba de que el producto sabe decir «no puedo». Ese contrato debe sobrevivir a cualquier reorganización.
RES-06,Resultados,Entender la fiabilidad del resultado,2 Contextual a análisis + 1 Global persistente (el chip),2,Texto de estado en la cabecera de Results (con `title` = mensaje del check gobernante) + chip del TopBar + tarjeta de calidad numérica.,topbar,decisión CRI-9,D-03 + D-14: la fiabilidad es la afirmación más crítica; chip permanente + causa invocable enfocable.,band,band,"band (identidad comprimida, acciones a iconos de 44px)","El detalle está en un `title`, no alcanzable por teclado.",El `title` no aparece en táctil: la causa gobernante es INVISIBLE sin ratón.,No.,esencial,"HUECO: la EXPLICACIÓN de por qué un resultado es limitado o no fiable vive en un `title` HTML, que no existe en táctil ni por teclado. La información más crítica del producto tiene la ruta más débil."
RES-07,Resultados,Ver líneas de influencia,2 Contextual a análisis + 9 Datos densos,2,Pestaña de Results.,dense,decisión CRI-9,D-03: líneas de influencia piden superficie propia.,drawer inferior · dock fijable sólo si CB-1 y CB-4 lo permiten (≈≥1700px),drawer con estado `peek` al localizar,fullscreen con estado `peek` al localizar,Pestaña + cursor.,Tap.,Sí: leer un valor en una posición.,contextual,Es datos densos dentro de un panel de 285px. Candidata clara a superficie propia.
RES-08,Resultados,Aprender por qué salió ese resultado,2 Contextual a análisis + 9 Datos densos,2,"Pestaña de Results, disponible en AMBOS modos (no sólo Aula).",dense,decisión CRI-9,D-03: «Entender» es la vista más larga del panel.,drawer inferior · dock fijable sólo si CB-1 y CB-4 lo permiten (≈≥1700px),drawer con estado `peek` al localizar,fullscreen con estado `peek` al localizar,Pestaña.,Tap.,No.,contextual,Contenido explicativo largo dentro de un panel corto: el modo «enfocado» ya lo reconoce. ¿Debe ser una superficie propia?
RES-09,Resultados,Cambiar la altura y el modo del panel de resultados,9 Fullscreen / datos densos + 8 Configuración de layout,9,Cabecera del panel (`results-mode-control`) + tirador + botón de enfoque en móvil.,layout-intent,decisión CRI-9,D-04: el modo y la altura del panel desaparecen con el panel; queda el pin del dock denso.,"Intención de layout, no superficie: lo consume el resolutor (D-04).","Intención de layout, no superficie: lo consume el resolutor (D-04).","Intención de layout, no superficie: lo consume el resolutor (D-04).","Botones de modo; el tirador es `role=""separator""`.",Tap en el modo; arrastre del tirador de 64×28.,El tirador es fino.,contextual,"COMPACT YA HACE LO CORRECTO (colapsado por defecto, se abre cuando hay algo que enseñar). Expanded reserva altura desde el arranque. Es la misma inversión que el canvas-budget general."
RES-10,Resultados,Saber de dónde sale un número (procedencia),2 Contextual a análisis + 5 Detail,2,Tarjeta al pie del cuerpo de Results.,detail,decisión CRI-9,"D-03: la procedencia se lee junto al objeto y su cursor, no al pie de un panel.",dock 320px con reflow · presencia contextual a la selección,inset 300px sin reflow · presencia contextual a la selección,"sheet con detents · lado inferior en retrato, lateral en apaisado (CB-6)",Lectura; sigue al cursor.,Lectura.,No.,esencial,"Debe sobrevivir a cualquier reorganización de Results. Si Results se descompone, la procedencia tiene que seguir al número, no quedarse en un panel."
RES-11,Resultados,Localizar el objeto de un resultado en el modelo,4 Canvas-local (destino) + 2/3 (origen),4,"Cuatro emisores, un solo consumidor (el lienzo).",canvas,decisión CRI-9,Destino del contrato de navegación profunda; `focus-object` se conserva tipado.,"layer (protagonista, reflow con el dock de detalle)","layer (protagonista, sin reflow; safe-rect se reduce bajo el inset)",layer (protagonista; safe-rect se reduce bajo la hoja),Enter sobre el botón.,Tap.,ES una ruta de precisión no espacial.,esencial,"ESTE ES EL TEJIDO QUE MANTIENE COHERENTES LAS «VARIAS PUERTAS AL MISMO MODELO». Cualquier superficie nueva debe emitir `focus-object`, no inventar navegación."
DAT-01,Datasheet,Ver el modelo como tabla,9 Fullscreen / datos densos,9,`Drawer` inferior modal sobre el lienzo.,dense,regla (clase 9),"Datos densos / fullscreen: invocada, nunca residente.",drawer inferior · dock fijable sólo si CB-1 y CB-4 lo permiten (≈≥1700px),drawer con estado `peek` al localizar,fullscreen con estado `peek` al localizar,Navegación de rejilla completa (`datasheetGridNavigation`).,Scroll y tap; los controles finos (13×13) son el peor caso táctil.,"SÍ, y es donde peor está resuelta: la casilla de rótula es una edición estructural real en 13×13 px.",esencial,"¿Debe seguir siendo modal, o puede coexistir con el lienzo como en RFEM/ETABS? Hoy enfocar un objeto obliga a cerrarla."
DAT-02,Datasheet,Buscar dentro de la tabla,9 Datos densos,9,"Campo `type=""search""` en la barra de la tabla.",dense,regla (clase 9),"Datos densos / fullscreen: invocada, nunca residente.",drawer inferior · dock fijable sólo si CB-1 y CB-4 lo permiten (≈≥1700px),drawer con estado `peek` al localizar,fullscreen con estado `peek` al localizar,Teclear.,Campo de 19.5px de alto: difícil de acertar.,No para buscar; sí para acertar el campo.,esencial,—
DAT-03,Datasheet,Filtrar y ordenar,9 Datos densos,9,Chips bajo la barra de la tabla.,dense,regla (clase 9),"Datos densos / fullscreen: invocada, nunca residente.",drawer inferior · dock fijable sólo si CB-1 y CB-4 lo permiten (≈≥1700px),drawer con estado `peek` al localizar,fullscreen con estado `peek` al localizar,Chips con `aria-pressed`; encabezado ordenable.,Tap.,No.,contextual,"Los filtros del Datasheet, las capas del lienzo y el filtro de selección resuelven «reducir el universo» de tres maneras distintas en tres sitios."
DAT-04,Datasheet,Seleccionar filas y sincronizar con el lienzo,9 Datos densos + 3 Contextual a selección,9,Rejilla de la tabla.,dense,regla (clase 9),"Datos densos / fullscreen: invocada, nunca residente.",drawer inferior · dock fijable sólo si CB-1 y CB-4 lo permiten (≈≥1700px),drawer con estado `peek` al localizar,fullscreen con estado `peek` al localizar,Rejilla navegable por teclado.,Tap y rango.,Acertar una fila es más fácil que acertar un nudo.,esencial,"La tabla es hoy la ÚNICA vía táctil a la multiselección, pero tapa el lienzo mientras se usa: se selecciona sin ver lo que se selecciona."
DAT-05,Datasheet,Editar una celda,9 Datos densos,9,Rejilla.,dense,regla (clase 9),"Datos densos / fullscreen: invocada, nunca residente.",drawer inferior · dock fijable sólo si CB-1 y CB-4 lo permiten (≈≥1700px),drawer con estado `peek` al localizar,fullscreen con estado `peek` al localizar,"Enter edita, Escape cancela, commit al confirmar.",Tap + teclado en pantalla.,"SÍ, y mal resuelta en el caso de la casilla booleana.",esencial,"La regla «un cambio simple se aplica solo, varios pasan por revisión» es un contrato de interacción propio. Merece enunciarse como patrón, no quedarse en un comentario."
DAT-06,Datasheet,Pegar un bloque de celdas,9 Datos densos + 7 Power-user,9,Ctrl+V sobre la rejilla.,dense,regla (clase 9),"Datos densos / fullscreen: invocada, nunca residente.",drawer inferior · dock fijable sólo si CB-1 y CB-4 lo permiten (≈≥1700px),drawer con estado `peek` al localizar,fullscreen con estado `peek` al localizar,Ctrl+V.,UNKNOWN: no se verificó una ruta táctil de pegado.,No.,esencial,Pegar es la operación masiva más potente y no tiene ruta táctil. Mismo hueco que MOD-13.
DAT-07,Datasheet,"Revisar, aplicar o cancelar un cambio pendiente",6 Workflow temporal,6,Panel lateral dentro del drawer.,transient,regla (clase 6),Workflow temporal: superficie efímera con ciclo de vida registrado.,overlay sobre el lienzo,overlay,overlay,Aplicar / Cancelar explícitos.,Igual.,No.,esencial,"Este patrón (borrador → plan → preview → escritura única) existe en Datasheet, Bulk Edit, edición estructural, generadores y Model Doctor. Son CINCO implementaciones del mismo contrato."
DAT-08,Datasheet,Editar el objeto enfocado desde el panel editor,5 Inspector/detail dentro de 9 Datos densos,5,Panel lateral del drawer.,detail,decisión CRI-9,D-12: el panel editor deja de reimplementar la ficha y aloja la superficie `detail`.,dock 320px con reflow · presencia contextual a la selección,inset 300px sin reflow · presencia contextual a la selección,"sheet con detents · lado inferior en retrato, lateral en apaisado (CB-6)",Tab por campos.,Scroll + campos.,Mejor que la celda: campos etiquetados.,contextual,"DUPLICACIÓN A EVALUAR: hay TRES fichas de propiedades del mismo objeto (Inspector, DatasheetEditorPanel, Bulk Edit). Las tres escriben el mismo modelo, pero son tres interfaces distintas para la misma lectura."
DAT-09,Datasheet,Cambiar de entidad (nudos / barras / cargas),9 Datos densos,9,Barra de la tabla.,dense,regla (clase 9),"Datos densos / fullscreen: invocada, nunca residente.",drawer inferior · dock fijable sólo si CB-1 y CB-4 lo permiten (≈≥1700px),drawer con estado `peek` al localizar,fullscreen con estado `peek` al localizar,Tab + Enter.,Tap.,No.,esencial,"Sólo tres entidades. Apoyos, materiales, secciones y combinaciones no tienen tabla."
DAT-10,Datasheet,Enfocar en el lienzo el objeto de la fila,4 Canvas-local (destino),4,Botón del panel editor.,canvas,decisión CRI-9,"D-11: localizar degrada la tabla a `peek`, no la cierra.","layer (protagonista, reflow con el dock de detalle)","layer (protagonista, sin reflow; safe-rect se reduce bajo el inset)",layer (protagonista; safe-rect se reduce bajo la hoja),Enter.,Tap.,Ruta de precisión no espacial.,esencial,Que enfocar EXIJA cerrar la tabla es la prueba de que hoy son destinos alternativos y no vistas coordinadas. RFEM y ETABS resuelven esto con tablas acopladas.
DOC-01,Model Doctor,Diagnosticar el modelo antes de analizar,2 Contextual a proyecto/análisis,2,"`Drawer` lateral en escritorio, INFERIOR bajo 700px (`useCompactDoctor`).",doctor,decisión CRI-9,Superficie propia bien resuelta; sólo cambia su acceso y su umbral.,drawer lateral,drawer lateral con `peek` al localizar,sheet/fullscreen con `peek` al localizar,Tab por hallazgos.,Scroll + tap.,No.,esencial,"El lanzador no dice cuántos hallazgos hay, aunque el sistema ya lo calcula para el toast."
DOC-02,Model Doctor,Filtrar hallazgos por severidad,2 Contextual a proyecto,2,Cabecera del drawer.,doctor,decisión CRI-9,Filtro dentro de su superficie.,drawer lateral,drawer lateral con `peek` al localizar,sheet/fullscreen con `peek` al localizar,Tab + Enter.,Tap.,No.,contextual,—
DOC-03,Model Doctor,Entender un hallazgo,5 Detail,5,"Tarjeta del drawer, con disclosure.",doctor,decisión CRI-9,El modelo qué/por qué/qué hacer se generaliza en D-14.,drawer lateral,drawer lateral con `peek` al localizar,sheet/fullscreen con `peek` al localizar,Botón `aria-expanded` con `aria-controls`.,Tap.,No.,esencial,Este modelo de tres textos es el mismo que necesitaría cualquier estado de error del producto. Hoy sólo lo tiene Model Doctor.
DOC-04,Model Doctor,Localizar el objeto de un hallazgo,4 Canvas-local (destino),4,Botón de la tarjeta.,canvas,decisión CRI-9,D-11: localizar degrada el Doctor a `peek`.,"layer (protagonista, reflow con el dock de detalle)","layer (protagonista, sin reflow; safe-rect se reduce bajo el inset)",layer (protagonista; safe-rect se reduce bajo la hoja),Enter.,Tap.,Ruta de precisión no espacial.,esencial,Igual que DAT-10: localizar exige cerrar el diagnóstico. SkyCiv mantiene el resalte con el panel abierto («Preview»).
DOC-05,Model Doctor,Previsualizar y aplicar una reparación de topología,6 Workflow temporal,6,"Vista sustitutiva dentro del drawer, con botón de volver.",transient,decisión CRI-9,"D-13: reparación preparada, nivel A del contrato.",overlay sobre el lienzo,overlay,overlay,Foco al botón de volver al entrar; Aplicar / Cancelar / Regenerar.,Scroll largo + botones de 44px.,No.,esencial,Es el workflow temporal más completo del producto y vive dentro de un drawer. ¿Merece superficie propia?
DOC-06,Model Doctor,Reconocer (acknowledge) un hallazgo,2 Contextual a proyecto,2,Botón de la tarjeta.,doctor,decisión CRI-9,Reconocer un hallazgo.,drawer lateral,drawer lateral con `peek` al localizar,sheet/fullscreen con `peek` al localizar,Enter.,Tap.,No.,contextual,"El reconocimiento se pierde al recargar la app. ¿Debe persistir? Es una decisión de producto, no un defecto."
DOC-07,Model Doctor,Saltar del hallazgo a la herramienta que lo arregla,6 Workflow temporal,6,Botón de la tarjeta.,contextual-actions,decisión CRI-9,Saltar del hallazgo a la herramienta que lo arregla.,inset — barra anclada al borde del lienzo mientras hay selección,inset,inset — banda sobre el dock de herramientas mientras hay selección,Enter.,Tap.,No.,contextual,"Elige la herramienta pero NO la selección: el usuario queda con la herramienta correcta y sin el objeto. Comparar con DOC-04, que sí selecciona."
PER-01,Persistencia,Guardar automáticamente el trabajo,1 Global persistente,1,Invisible; su estado se ve en el chip del TopBar (SHL-21).,topbar,regla (clase 1),Global persistente: sólo lo global y frecuente tiene permanencia.,band,band,"band (identidad comprimida, acciones a iconos de 44px)",No accionable.,No accionable.,No.,esencial,Dos almacenes con papeles distintos y sin contrato explícito de cuál manda. Es la ambigüedad de persistencia más importante que queda.
PER-02,Persistencia,Trabajar sin conexión,1 Global persistente,1,Estado en el TopBar.,topbar,regla (clase 1),Global persistente: sólo lo global y frecuente tiene permanencia.,band,band,"band (identidad comprimida, acciones a iconos de 44px)",Informativo.,Informativo.,No.,esencial,"Offline no bloquea nada, pero se muestra con el mismo tono de aviso que los errores reales. ¿Es un problema o un estado normal?"
PER-03,Persistencia,Resolver un conflicto de revisión,2 Contextual a proyecto + 6 Workflow temporal,2,"Estado `conflict` en el TopBar; la resolución está en el Project Hub (ENT-09), en otra pantalla.",recovery,decisión CRI-9,D-08: el hueco de acceso más grave del mapa.,drawer invocado desde el chip de persistencia,drawer invocado,sheet invocada,No accionable desde la mesa.,Igual.,No.,esencial,"HUECO DE ACCESO nº 1 EN GRAVEDAD: el producto detecta el conflicto, salva ambas versiones y luego deja al usuario sin ruta para resolverlo sin salir de la mesa."
PER-04,Persistencia,Migrar un proyecto de una versión anterior,1 Global persistente,1,"Invisible, automático.",topbar,regla (clase 1),Global persistente: sólo lo global y frecuente tiene permanencia.,band,band,"band (identidad comprimida, acciones a iconos de 44px)",No accionable.,No accionable.,No.,esencial,Una migración silenciosa es cómoda hasta que algo cambia de sentido. ¿Debe anunciarse?
STA-01,Estados,Entender un estado vacío,Transversal,T,Dentro de cada superficie.,status,regla (clase T),Transversal: canal de estado y anuncios.,overlay,overlay,"overlay (por encima del dock, respetando safe-area)",Botón alcanzable.,Tap.,No.,esencial,"El panel de Results reserva 22-25% del viewport PARA MOSTRAR UN ESTADO VACÍO cuando no se ha analizado. El estado es bueno; el coste de mostrarlo permanentemente, no."
STA-02,Estados,Entender un estado de carga,Transversal,T,En cada superficie que carga.,status,regla (clase T),Transversal: canal de estado y anuncios.,overlay,overlay,"overlay (por encima del dock, respetando safe-area)",No accionable.,Igual.,No.,esencial,"El `StatusStrip` con seis tonos existe y NO lo consumen todas las superficies. Es el mismo problema que F-04: patrón hecho, no conectado."
STA-03,Estados,Entender un análisis obsoleto (stale),Transversal / 2 Contextual a análisis,T,Chip del TopBar + estado de Results.,status,regla (clase T),Transversal: canal de estado y anuncios.,overlay,overlay,"overlay (por encima del dock, respetando safe-area)",No accionable directamente.,Igual.,No.,esencial,"Con el análisis obsoleto, el overlay de resultados del lienzo sigue dibujado. No se verificó si se atenúa o se retira."
STA-04,Estados,Entender un análisis fallido,Transversal / 2 Contextual a análisis,T,Cuerpo de Results + chip del TopBar.,status,regla (clase T),Transversal: canal de estado y anuncios.,overlay,overlay,"overlay (por encima del dock, respetando safe-area)",Botón alcanzable.,Tap.,No.,esencial,"INCOHERENCIA MENOR VERIFICADA: `resultTab` puede valer `""issues""`, pero la lista de pestañas de `ResultsPanel` no incluye esa pestaña, así que `activeTab` cae silenciosamente a `summary` (`ResultsPanel.tsx:179`). Funcionalmente no se pierde nada (el cuerpo muestra el fallo igualmente), pero `aria-selected` queda en una pestaña que no es el estado real."
STA-05,Estados,Entender un control deshabilitado,Transversal,T,Disperso por superficie.,status,regla (clase T),Transversal: canal de estado y anuncios.,overlay,overlay,"overlay (por encima del dock, respetando safe-area)","Cuando se explica, por `aria-live`.","Cuando se explica por `title` (RES-06), NO llega al táctil.",No.,esencial,"Regla pendiente: todo control deshabilitado debe poder decir por qué, y por una ruta que exista en táctil (no `title`)."
STA-06,Estados,Trabajar con movimiento reducido / alto contraste,Transversal,T,Automático.,status,regla (clase T),Transversal: canal de estado y anuncios.,overlay,overlay,"overlay (por encima del dock, respetando safe-area)",No accionable.,Igual.,No.,esencial,Cualquier animación nueva debe respetar el mismo contrato.
AUL-01,Aula,Seguir el recorrido guiado de un ejercicio,6 Workflow temporal + 2 Contextual a proyecto,6,"Banda sobre el lienzo, encima del canvas.",classroom,decisión CRI-9,Aula no se rediseña; sólo se declara su presentación.,inset sobre el borde superior del lienzo,inset,inset colapsable a una línea,Botón de acción por paso.,Tap; el botón respeta 44px de alto.,No.,contextual,FUERA DE ALCANCE DISEÑAR AULA vNEXT. Sólo se registra: en modo Aula el lienzo pierde una banda adicional sobre un presupuesto que ya está invertido en Expanded.
AUL-02,Aula,Ver niveles pedagógicos del resultado,2 Contextual a análisis,2,Results › Entender.,dense,decisión CRI-9,Niveles pedagógicos del resultado: dato denso.,drawer inferior · dock fijable sólo si CB-1 y CB-4 lo permiten (≈≥1700px),drawer con estado `peek` al localizar,fullscreen con estado `peek` al localizar,Pestaña.,Tap.,No.,contextual,Fuera de alcance.
AUL-03,Aula,Mantener la sesión de aula,Transversal,T,Invisible.,classroom,decisión CRI-9,Sesión de aula.,inset sobre el borde superior del lienzo,inset,inset colapsable a una línea,No accionable.,No accionable.,No.,contextual,Fuera de alcance.
S3D-01,Space 3D,Trabajar en el dominio espacial experimental,9 Fullscreen (dominio separado),9,"Pantalla completa propia, con dos orígenes (Inicio o mesa).",space3d,decisión CRI-9,D-15.,fullscreen,fullscreen,fullscreen,Rail propio.,Controles bajo el mínimo táctil (CRI-7 §8).,"Sí, y peor resuelta que en 2D.",secundaria,RESTRICCIÓN PROTEGIDA: mantener 2D y Space3D separados y NO exigir paridad. Lo que sí debe decidirse es si Space3D hereda el sistema de interacción de CRI-9 o queda congelado hasta salir de experimental.
S3D-02,Space 3D,Navegar el modelo espacial por lista,9 Fullscreen (dominio separado),9,Panel dentro de la pantalla Space3D.,space3d,decisión CRI-9,D-15.,fullscreen,fullscreen,fullscreen,Tab por enlaces de 26×36.,Objetivos por debajo del mínimo.,"ES la respuesta a la precisión en 3D, y sus objetivos son demasiado pequeños.",contextual,"Confirma que «lista de objetos como ruta de precisión» es un patrón que el producto ya usó dos veces (paleta 2D, ModelNav 3D) sin declararlo."
